Term,NES_ciao,FDR_q_val_ciao,NES_swiss_cent_healthy,FDR_q_val_swiss_cent_healthy
KEGG_AXON_GUIDANCE,-0.82969118255793,0.8798738958026215,-1.0996747380416538,0.29783783783783785
KEGG_ENDOCYTOSIS,-1.2217296749277144,0.37811083221450387,-1.2494828869768873,0.21243243243243243
KEGG_PURINE_METABOLISM,-1.602424186694084,0.11669816414686825,-2.052636463857649,0.0
