Term,NES_ciao,FDR_q_val_ciao,NES_swiss_cent_geriatric,FDR_q_val_swiss_cent_geriatric
KEGG_CELL_ADHESION_MOLECULES_CAMS,1.3934339394373094,0.3889712468931757,1.1406941229628855,0.7406968709900306
KEGG_ECM_RECEPTOR_INTERACTION,1.6024076498089783,0.19823273741184189,1.22185715782575,0.8116671602013622
KEGG_FOCAL_ADHESION,1.4155791494864134,0.4005863539445629,1.0413775806619212,0.7841279241930708
KEGG_HYPERTROPHIC_CARDIOMYOPATHY_HCM,0.7481373202282695,0.9338852394759302,1.5879606684464138,0.2647320106603494
KEGG_LYSOSOME,0.9712018107247384,0.8181122663285022,0.8255762864027867,0.9460073043134932
KEGG_MELANOMA,1.0663338106344236,0.6657921042249401,0.8206790401144594,0.8193239984770929
KEGG_REGULATION_OF_ACTIN_CYTOSKELETON,1.1580062990380207,0.5726648351648352,0.9468691809833703,0.83529760142138
