Term,NES_ciao,FDR_q_val_ciao,NES_swiss_geriatric_healthy,FDR_q_val_swiss_geriatric_healthy
KEGG_ENDOCYTOSIS,-1.2217296749277144,0.37811083221450387,-0.9238999452812431,0.5737051792828686
KEGG_PURINE_METABOLISM,-1.602424186694084,0.11669816414686825,-1.5663149604517097,0.1041548093340922
