Term,NES_ciao,FDR_q_val_ciao,NES_swiss_cent_healthy,FDR_q_val_swiss_cent_healthy
GOMF_LYASE_ACTIVITY,-1.769928387056119,0.23746476656029541,-1.3150487650402667,0.6944
GOMF_MAGNESIUM_ION_BINDING,-0.9853040559079121,0.7389577088930657,-0.8720175981445193,1.0
GOMF_VITAMIN_BINDING,-1.051071140963034,0.6804961041407922,-0.9662863744179535,1.0
