Term,NES_ciao,FDR_q_val_ciao,NES_swiss_geriatric_healthy,FDR_q_val_swiss_geriatric_healthy
GOMF_LYASE_ACTIVITY,-1.769928387056119,0.23746476656029541,-1.125499995482141,1.0
GOMF_VITAMIN_BINDING,-1.051071140963034,0.6804961041407922,-0.578534632783415,0.9815374286673381
