Term,NES_ciao,FDR_q_val_ciao,NES_necs_cent_off,FDR_q_val_necs_cent_off
REACTOME_COLLAGEN_DEGRADATION,2.1436918848260444,0.00035750874499906714,1.8576738499187315,0.06368900858320967
