Term,NES_ciao,FDR_q_val_ciao,NES_swiss_cent_geriatric,FDR_q_val_swiss_cent_geriatric
HALLMARK_ADIPOGENESIS,-1.42566000245993,0.1475978009720341,-1.5749091367729438,0.15802075019952116
HALLMARK_CHOLESTEROL_HOMEOSTASIS,-1.2616253603045566,0.22653857973752803,-1.148473958473007,0.5479771625023022
HALLMARK_GLYCOLYSIS,-1.1566257473378296,0.3056684283678149,-1.4776919244770335,0.1936767143471054
HALLMARK_MTORC1_SIGNALING,-1.3689333271574236,0.16820970440602342,-1.5372752964699568,0.16105961078028116
HALLMARK_UV_RESPONSE_DN,-0.9907596400585336,0.6066528563461079,-0.8847175979455179,0.6690638438443706
