Term,NES_ciao,FDR_q_val_ciao,NES_necs_cent_off,FDR_q_val_necs_cent_off
HALLMARK_CHOLESTEROL_HOMEOSTASIS,-1.2616253603045566,0.22653857973752803,-1.2339582776916573,0.28251300520208084
HALLMARK_PEROXISOME,-2.1214004678812546,0.0,-1.3866485095972427,0.2609043617446979
