Term,NES_ciao,FDR_q_val_ciao,NES_ukbb,FDR_q_val_ukbb
HALLMARK_IL6_JAK_STAT3_SIGNALING,1.6162226083216078,0.0333342478531647,1.487130695765794,0.07072013799051315
