Term,NES_ciao,FDR_q_val_ciao,NES_swiss_cent_healthy,FDR_q_val_swiss_cent_healthy
HALLMARK_MTORC1_SIGNALING,-1.3689333271574236,0.16820970440602342,-1.4613158962996173,0.07788595271210014
HALLMARK_UV_RESPONSE_DN,-0.9907596400585336,0.6066528563461079,-0.9944029018678151,0.4756606397774687
