Term,NES_ciao,FDR_q_val_ciao,NES_swiss_cent_geriatric,FDR_q_val_swiss_cent_geriatric
HALLMARK_APICAL_JUNCTION,1.4893179011812105,0.08116945470507982,1.0698696932014597,1.0
HALLMARK_EPITHELIAL_MESENCHYMAL_TRANSITION,2.2248853392357315,0.0,0.8078290054433733,1.0
HALLMARK_MYOGENESIS,1.515053197805549,0.07111306208675135,0.7991429595253803,0.7735047640913787
